res_index,delta
148,-0.000113416216
149,-3.5803423e-05
150,-2.7808008e-05
151,-7.961705e-05
152,-2.0423031e-05
153,-7.824966e-05
154,-4.588678e-05
155,-0.00032517558
156,-0.00014373506
157,-4.4309352e-05
158,-0.00012571504
159,-4.721265e-05
160,-7.025711e-05
161,-4.7254664e-05
162,-4.0506453e-05
163,-0.00011929986
164,-9.524857e-05
165,-6.5946486e-05
166,-3.5054785e-05
167,-4.328588e-05
168,-5.1637147e-05
169,-0.000101669415
170,-0.00027388462
171,-4.8900045e-05
172,-8.2239625e-05
173,-6.811938e-05
174,-4.2983644e-05
175,-4.2943735e-05
176,-0.0003757396
177,-0.0001519261
178,-0.00019267091
179,-7.2524344e-05
180,-5.9169568e-05
181,-0.0001354409
182,-1.8450035e-05
183,-5.874953e-05
184,-9.527108e-05
185,-0.00017101914
186,-0.00044821168
187,-4.380644e-05
188,-3.3630364e-05
189,-0.00015758647
190,-0.00016033583
191,-5.8644197e-05
192,-6.730124e-05
193,-0.00022309537
194,-0.00020972347
195,-9.0188936e-05
196,-8.025417e-05
197,-4.444531e-05
198,-0.00045341684
199,-7.082762e-05
200,-0.00013992262
201,-4.2412023e-05
202,-0.00017116134
203,-0.00019071253
204,-8.677576e-05
205,-4.0247898e-05
206,-8.446962e-05
207,-9.615175e-05
208,-7.661592e-05
209,-0.00040428268
210,-7.6556316e-05
211,-5.611872e-05
212,-9.926774e-05
213,-5.2081064e-05
214,-5.6908262e-05
215,-4.6074598e-05
216,-4.7857935e-05
217,-8.89059e-05
218,-2.6447275e-05
219,-0.00044273876
220,-2.1241747e-05
221,-0.00010731239
222,-7.258914e-05
223,-0.00038617098
224,-0.00017198652
225,-3.0351655e-05
226,-9.6957796e-05
227,-2.5582667e-05
228,-5.0011848e-05
229,-2.6503834e-05
230,-4.1128646e-05
231,-0.00023531406
232,-0.00022614743
233,-0.00012515485
234,-7.960551e-05
235,-1.8943629e-05
236,-1.9398585e-05
237,-0.0004811518
238,-8.6957836e-05
239,-4.8133465e-05
240,-0.00027202463
241,-4.495791e-05
242,-0.00014603522
243,-0.00013099404
244,-0.0002496623
245,-1.3667912e-05
246,-7.908734e-05
247,-7.043447e-05
248,-8.406496e-05
249,-6.059996e-05
250,-7.6991586e-05
251,-7.2165545e-05
252,-5.7797803e-05
253,-6.941070099999999e-05
254,-0.000541358585
255,-0.000188793729
256,-0.00018131906999999998
257,-0.00045750924500000004
258,-8.790189e-05
259,-0.00032399127499999997
260,-0.0001926701575
261,-0.00032290515
262,-7.9416282e-05
263,-0.0001305467135
264,-0.000124197605
265,-0.000177236495
266,-0.000519801065
267,-7.6389653e-05
268,-0.0001532160565
269,-7.6094955e-05
270,-0.00022032473
271,-0.00011568228
272,-4.1777628e-05
273,-0.00028514612
274,-0.000123521035
275,-0.000233644165
276,-0.0003427448075
277,-7.64004175e-05
278,-5.43159235e-05
279,-0.00048244944
280,-0.000404483915
281,-0.000262630365
282,-0.000104194465
283,-0.000114360495
284,-8.6881702e-05
285,-8.2616294e-05
286,-0.00013638525
287,-0.00013896916
288,-0.00019828213
289,-4.4561857e-05
290,-3.5789384e-05
291,-4.389222e-05
292,-0.0001048885435
293,-0.00033803619
294,-0.00018503747
295,-7.86407575e-05
296,-0.00040472049999999997
297,-0.00010996511249999999
298,-0.0001819075792
299,-9.461872871428571e-05
300,-3.314630133333334e-05
301,-4.0965179666666674e-05
302,-6.0336254444444436e-05
303,-0.00020477925155555556
304,1.9038297777777753e-05
305,1.866022911111112e-05
306,4.976761722222224e-05
307,-1.5384038666666644e-05
308,-5.0308012888888883e-05
309,-8.32982188888889e-06
310,-1.666256666666674e-06
311,-6.545197819444452e-06
312,-0.00010841684888888883
313,-0.00017280014955555557
314,-4.6652421222222195e-05
315,0.00017508024444444446
316,1.1897097222222214e-05
317,9.80336111111111e-05
318,-1.3052750444444443e-05
319,0.0002316963486666667
320,-3.0083352333333356e-05
321,1.7244277777777586e-06
322,6.747408333333333e-05
323,-2.9701250888888907e-05
324,-2.9871476666666668e-05
325,7.634197777777732e-06
326,-9.064165666666666e-05
327,-4.359839333333362e-06
328,2.6307399222222166e-05
329,2.4362105888888906e-05
330,-2.0021684285714304e-05
331,-5.425186153968255e-05
332,3.990504807936508e-05
333,-0.00019435719634920635
334,3.725760357142858e-05
335,1.1907224428571423e-05
336,5.7966656607142796e-05
337,0.0001575369216666667
338,-0.00011050132055555553
339,-9.57167959027778e-05
340,2.9801184999999974e-05
341,-1.0468175000000028e-05
342,0.00012150963777777775
343,-5.518111777777786e-06
344,-7.957524555555557e-05
345,8.525219888888888e-05
346,-4.583055911111113e-05
347,-4.891096111111115e-05
348,-1.7620145222222225e-05
349,3.6988047777777617e-06
350,9.340928399999998e-05
351,0.00016193981611111114
352,-2.5332881111110974e-06
353,9.210368444444438e-05
354,0.00010853375999999996
355,2.161589066666667e-05
356,0.00011566778944444443
357,-4.5823090888888895e-05
358,-0.00012026489333333339
359,0.0001587022555555555
360,5.404885111111077e-06
361,-0.00011309035377777779
362,-6.706770555555547e-06
363,-7.643834444444417e-06
364,-6.083008144444442e-05
365,1.9884709111111127e-05
366,9.832888888888888e-05
367,-4.950367677777781e-05
368,7.024074288888892e-05
369,1.6450551777777813e-05
370,-9.472645555555525e-06
371,2.1711913444444442e-05
372,5.960281666666668e-05
373,4.6676361666666665e-05
374,0.0001149541911111111
375,-3.792024888888887e-05
376,3.257447199999996e-05
377,-2.1302783777777767e-05
378,-0.00013685653644444443
379,6.566069111111115e-05
380,-1.3873175444444435e-05
381,-4.791486044444446e-05
382,5.516132955555556e-05
383,5.172813333333311e-06
384,-2.2405179999999796e-05
385,-2.0465651111111047e-06
386,-0.00011950202488888889
387,-2.8294047000000026e-05
388,8.753537755555558e-05
389,4.3370217777777785e-06
390,0.00016586494633333325
391,4.086188888888893e-06
392,0.00013132817511111116
393,-4.6009372666666636e-05
394,2.237999444444443e-05
395,-0.00013561991477777777
396,-2.2850888666666662e-05
397,6.455990111111146e-06
398,-4.610465499999999e-05
399,8.46883065277778e-05
400,-2.7815810166666654e-05
401,-6.960265930555555e-05
402,-0.00023481959027777776
403,-7.532672105555556e-05
404,0.0003873997514722222
405,7.206871159722226e-05
406,-1.9593970388888886e-05
407,-0.0001315493975
408,-1.5070128500000005e-05
409,0.00020173886654166668
410,5.905083583333337e-05
411,-0.0001131095261666667
412,0.00011454060041666666
413,-0.00021601020319444455
414,-2.0008786861111115e-05
415,4.554694372222221e-05
416,0.00024662872259722233
417,-2.9540602208333336e-05
418,-3.360889491666666e-05
419,9.753436130555555e-05
420,-3.819109586111111e-05
421,-8.283304177777778e-05
422,2.7315826444444453e-05
423,4.513043999999976e-06
424,-0.00010191325166666659
425,0.00044274329955555565
426,3.659656011111107e-05
427,-7.6434166e-05
428,-2.8704968333333333e-05
429,-3.70702768888889e-05
430,0.0001344814864444445
431,-2.8401558777777793e-05
432,0.00036365761
433,0.0002047791034444444
434,-6.083114666666667e-05
435,1.9382882222222222e-05
436,-2.7717812222222238e-05
437,-0.00029151717333333334
438,-5.6068436333333335e-05
439,-0.000228450093
440,-5.989471555555554e-05
441,8.407406122222218e-05
442,-2.1531133222222216e-05
443,0.00020233650166666666
444,4.078185599999998e-05
445,-0.00010600588333333332
446,-9.942384333333325e-05
447,1.8535456666666638e-05
448,0.00021893936977777787
449,-0.00013571053466666667
450,-0.0001380788041111111
451,-1.2894456888888894e-05
452,2.7953700000000017e-05
453,0.0002859584594444444
454,9.376254088888891e-05
455,6.06374822222223e-06
456,-0.0001738176933333334
457,0.0002128297555555555
458,7.506365422222221e-05
459,3.0624810666666645e-05
460,0.0002873357155555555
461,-9.97987628888889e-05
462,3.506333875e-05
463,9.495096277777775e-05
464,-0.00013399035922222224
465,5.058150000000002e-06
466,-4.5301120888888884e-05
467,0.0002324626050000001
468,-7.520511888888892e-05
469,-0.000140936781
470,-0.0002799900691111111
471,4.664111111111113e-05
472,-0.0001287357833333333
473,-0.00013562063377777774
474,0.0002490072933333335
475,0.00016267719111111105
476,0.00016279088166666665
477,-8.417172000000015e-06
478,1.4837659555555537e-05
479,-5.252455722222222e-05
480,-3.102295966666668e-05
481,0.00020894780855555548
482,-0.000286870794
483,6.514245122222226e-05
484,0.00016559618477777777
485,-4.1939337111111114e-05
486,0.0002058620868888889
487,-6.198938255555554e-05
488,-3.20916066666666e-05
489,0.00017952504666666667
490,1.6837941000000023e-05
491,9.277182222222228e-06
492,0.0003335628703333334
493,-6.28891012222222e-05
494,-1.8862323569444482e-05
495,6.150763605555553e-05
496,0.00019836435277777783
497,-1.4914097208333329e-05
498,-0.00023638703170833335
499,-2.785658523611111e-05
500,2.7651855333333346e-05
501,2.4333980527777772e-05
502,0.000754645239861111
503,9.814031944444483e-07
504,-1.7836887777777775e-05
505,0.00013103970491666665
506,2.781774763888889e-05
507,6.515272805555558e-05
508,-6.017104861111094e-07
509,2.346237555555554e-05
510,2.760869270833336e-05
511,4.9252243847222236e-05
512,0.00014416259938888887
513,-1.3927983194444483e-06
514,3.93444180555558e-06
515,-6.891622897222222e-05
516,0.0007400681550000002
517,-0.0001243265773055556
518,0.00018447980288888893
519,0.0008355717523611111
520,-8.470617204166665e-05
521,5.858215963888886e-05
522,-5.1315860083333336e-05
523,-1.696801938888889e-05
524,-6.871644506944446e-05
525,-0.00018507493755555557
526,3.397009688888887e-05
527,-2.640368666666668e-05
528,0.00016318858925000001
529,-1.2358483333333608e-06
530,-0.00020940917990277782
531,-5.783646859722223e-05
532,-1.4422955680555544e-05
533,7.480299069444451e-05
534,-7.174550105555551e-05
535,6.0058859027777825e-05
536,-1.3594580694444426e-05
537,-0.000254787861125
538,-1.613129900000001e-05
539,-0.00020586202133333334
540,-0.00044826625
541,-2.107777e-05
542,-0.00019637389
543,-2.7571432e-05
544,-0.00018471887
545,-0.00018191015
546,-0.0001255006
547,-3.365096e-05
548,-0.00012938627
559,-6.634399e-05
560,-0.0003774687
561,-7.99991e-06
562,-7.362635e-05
563,-2.7256408e-05
564,-3.7443224e-05
565,-0.0005202287
566,-0.00018768238
567,-5.914539e-05
568,-4.1346684e-05
569,-0.00013261971
570,-0.00017609044
571,-0.00019902374
572,-2.958545e-05
573,-2.262767e-05
574,-0.0001627287
575,-3.4867888e-05
576,-1.9918783e-05
577,-0.00016635901
578,-0.00044508566
579,-0.00018677353
580,-0.00019214032
581,-1.6542368e-05
582,-0.00010156942
583,-0.00019398361
584,-0.00014171237
585,-0.00013972494
586,-6.619134e-05
587,-0.00035261468
588,-0.00011914316
589,-0.00014057403
590,-0.00023247662
591,-0.00012153419
592,-3.0066596e-05
593,-8.7960194e-05
594,-3.8384955e-05
595,-8.214277e-05
596,-0.0001934721
597,-9.4779054e-05
598,-0.00019228664
599,-0.0012775538
600,-8.051704e-05
601,-0.0001967649
602,-6.613972e-05
603,-0.00030979776
604,-0.0005886672
605,-8.9066765e-05
606,-4.4313227e-05
607,-7.7137796e-05
608,-0.00011924937
609,-2.7398008e-05
610,-0.000523697
611,-0.00013269807
612,-0.0008275341
613,-9.168658e-05
614,-3.5542504e-05
615,-2.5699464e-05
616,-3.4286226e-05
617,-9.424879e-05
618,-8.1164035e-05
619,-4.5823806e-05
620,-0.00013914233
621,-0.00023208455
622,-1.5622025e-05
623,-0.00025507735
624,-0.00019306323
625,-0.00024188048
626,-7.009868e-05
627,-1.7800896e-05
628,-1.9938112e-05
629,-0.00054819917
630,-1.9150015e-05
631,-0.00017874475
632,-8.4924905e-05
633,-1.7572227e-05
634,-0.00034597132
635,-2.9853414e-05
636,-3.0292207e-05
637,-8.4952175e-05
638,-1.5004994e-05
639,-0.0002115195
640,-0.00080473535
641,-0.000112942194
642,-0.000108962355
643,-0.000102994556
644,-0.00025689107
645,-0.000329727
646,-5.3101172e-05
647,-6.20515e-05
648,-0.0003405597
649,-5.5819542e-05
650,-2.7310216e-05
651,-0.0003513985
652,-1.412533e-05
653,-4.9132766e-05
654,-0.0012874536
655,-3.0115705e-05
656,-2.6497706e-05
657,-3.2647025e-05
658,-0.00018199069
659,-0.00014077494
660,-0.00035683147
661,-0.0002480359
