res_index,delta,t,p,nH,nL,q,sig_pos
425,0.00044274329955555554,7.082069683337602,1.4078182782235118e-06,9,9,0.00033646856849541934,True
502,0.000754645239861111,5.1400040118663135,6.240667252582412e-05,9,8,0.0074575973668359824,True
432,0.00036365761,4.597438621907381,0.00019844938565482381,9,9,0.01580980105716763,True
519,0.000835571752361111,4.2360282545356105,0.0004205881908948595,9,8,0.025130144405967857,True
460,0.0002873357155555555,2.9314982140144483,0.006046325370348282,9,9,0.21694954359052016,False
319,0.0002316963486666666,2.8124333500983294,0.006878617334560701,9,9,0.21694954359052016,False
505,0.00013103970491666665,2.730438597745401,0.007829683284331448,9,8,0.21694954359052016,False
486,0.00020586208688888884,2.704707679876918,0.008053357564170917,9,9,0.21694954359052016,False
416,0.0002466287225972222,2.6067056768118317,0.010714468857367607,9,8,0.21694954359052016,False
368,7.024074288888889e-05,2.562704085524998,0.012701545820089859,9,9,0.21694954359052016,False
458,7.506365422222221e-05,2.444013481444113,0.013557866653403545,9,9,0.21694954359052016,False
516,0.0007400681549999998,2.691217411031423,0.013935042484796899,9,8,0.21694954359052016,False
409,0.00020173886654166668,2.472027231932926,0.014474620624091867,9,8,0.21694954359052016,False
353,9.210368444444438e-05,2.498956897284191,0.01450356141020755,9,9,0.21694954359052016,False
422,2.7315826444444453e-05,2.3893876115821278,0.014777576705820531,9,9,0.21694954359052016,False
404,0.0003873997514722222,2.486635462092235,0.01515242146252003,9,8,0.21694954359052016,False
453,0.0002859584594444444,2.5103863035671234,0.015487398161080674,9,9,0.21694954359052016,False
481,0.00020894780855555564,2.3709332868093265,0.016339296169997335,9,9,0.21694954359052016,False
463,9.495096277777775e-05,2.138073299921257,0.02510344277362202,8,9,0.2843293978086246,False
443,0.00020233650166666655,2.1604247642630754,0.025132291954121425,9,9,0.2843293978086246,False
356,0.00011566778944444454,2.088984051150801,0.026693854432172957,9,9,0.2843293978086246,False
405,7.206871159722226e-05,2.08611854301648,0.027229140361157398,9,8,0.2843293978086246,False
474,0.0002490072933333335,2.064014125952574,0.02798665748279987,9,9,0.2843293978086246,False
476,0.00016279088166666665,2.0555610296006352,0.028551906056096192,9,9,0.2843293978086246,False
441,8.40740612222222e-05,1.9053760398013162,0.03743567016382103,9,9,0.35788500676612905,False
315,0.0001750802444444444,1.9542627449837975,0.03902111864903764,9,9,0.3586941291199998,False
492,0.0003335628703333334,1.842639681731962,0.0423798169765137,9,9,0.36558284260421575,False
475,0.00016267719111111116,1.892415572181867,0.0445273249214251,9,9,0.36558284260421575,False
399,8.46883065277778e-05,1.8559651782582527,0.04554380162543447,9,8,0.36558284260421575,False
454,9.376254088888886e-05,1.8368650083769884,0.0462599026700235,9,9,0.36558284260421575,False
334,3.725760357142858e-05,1.8038755890191942,0.047418695065818785,7,9,0.36558284260421575,False
317,9.803361111111104e-05,1.6985803885568087,0.05592292943859458,9,9,0.4161784714471075,False
372,5.9602816666666654e-05,1.6861872827841298,0.05766442316886249,9,9,0.4161784714471075,False
388,8.753537755555555e-05,1.653882659559293,0.05920530556151321,9,9,0.4161784714471075,False
412,0.00011454060041666663,1.5897654968732482,0.0665948929000646,9,8,0.4509110003082785,False
306,4.976761722222224e-05,1.585024764628955,0.06791964858200011,9,9,0.4509110003082785,False
345,8.525219888888888e-05,1.5480490148795443,0.07149217426932737,9,9,0.4618008013613309,False
433,0.0002047791034444445,1.5236780239703058,0.07552559343300554,9,9,0.46482489318742254,False
351,0.00016193981611111125,1.5059658523365147,0.07697411062772927,9,9,0.46482489318742254,False
366,9.832888888888894e-05,1.486684890756621,0.07827632098958887,9,9,0.46482489318742254,False
374,0.00011495419111111116,1.538197926017509,0.0797398352329888,9,9,0.46482489318742254,False
371,2.1711913444444456e-05,1.4608257105246822,0.08255999410352975,9,9,0.46753882155211063,False
533,7.480299069444448e-05,1.4486011861508947,0.08411786329180233,9,8,0.46753882155211063,False
457,0.00021282975555555572,1.476407923778328,0.0867082732551697,9,9,0.4709835751814899,False
467,0.00023246260499999998,1.4357882133247066,0.090445049451853,9,9,0.4758657562343418,False
419,9.753436130555555e-05,1.3864269355469636,0.09294473496904895,9,8,0.4758657562343418,False
340,2.9801185e-05,1.3870055018918301,0.09358029515905467,9,9,0.4758657562343418,False
500,2.7651855333333346e-05,1.3512345297513666,0.09978862798774579,9,8,0.48288193579418737,False
496,0.00019836435277777783,1.3432622111002857,0.10044942310159428,9,8,0.48288193579418737,False
359,0.0001587022555555555,1.3606497935427713,0.10252020897201469,9,9,0.48288193579418737,False
322,6.747408333333333e-05,1.3215563369074028,0.10474641155898783,9,9,0.48288193579418737,False
332,3.990504807936508e-05,1.3142006123480112,0.10506217849915374,7,9,0.48288193579418737,False
510,2.7608692708333332e-05,1.338978528004381,0.10732170101005586,9,8,0.4839601234227048,False
350,9.340928400000003e-05,1.2850237112861342,0.10953517376964199,9,9,0.484224463655199,False
354,0.00010853376000000007,1.2757766855308,0.11143240795412529,9,9,0.484224463655199,False
489,0.00017952504666666688,1.2176887210610654,0.12262482659447442,9,9,0.5182055915989738,False
342,0.00012150963777777786,1.2069831953848238,0.12569085714313266,9,9,0.5182055915989738,False
392,0.00013132817511111116,1.2027153288704162,0.125757005492638,9,9,0.5182055915989738,False
444,4.078185600000001e-05,1.1631722478608584,0.13514468154884368,9,9,0.5417576448143001,False
355,2.161589066666667e-05,1.1713124108615414,0.1360061033006611,9,9,0.5417576448143001,False
511,4.9252243847222236e-05,1.0829264788639312,0.14812255669792884,9,8,0.580349033619754,False
415,4.5546943722222236e-05,1.0730708295193263,0.15056891075821807,9,8,0.5804188656647439,False
526,3.397009688888887e-05,1.052626393092151,0.15491762990215258,9,8,0.5816461791090014,False
448,0.00021893936977777787,1.0780931949836325,0.15575462536810078,9,9,0.5816461791090014,False
459,3.0624810666666645e-05,1.0256410069281714,0.1601888764990981,9,9,0.5890021766659146,False
512,0.00014416259938888887,0.9828322637515349,0.17428936553049462,9,8,0.6311387630573972,False
410,5.905083583333337e-05,0.9487543012647479,0.18035495221717956,9,8,0.6433557250732226,False
337,0.0001575369216666666,0.908360564188287,0.19123560800429645,6,8,0.667578048875558,False
501,2.433398052777776e-05,0.9058823927941508,0.19418289293506685,9,8,0.667578048875558,False
390,0.00016586494633333304,0.8847396375600619,0.19880867742994252,9,9,0.667578048875558,False
535,6.0058859027777825e-05,0.8729668758253627,0.1993159659868738,9,8,0.667578048875558,False
495,6.150763605555559e-05,0.8859211044589299,0.2011113787407539,9,8,0.667578048875558,False
365,1.98847091111111e-05,0.8336681421510684,0.20850254723829925,9,9,0.6826316272596372,False
394,2.2379994444444485e-05,0.8165598036022259,0.2130930248125058,9,9,0.6882328774349851,False
304,1.9038297777777753e-05,0.8014910726160447,0.21840387285514518,9,9,0.6895637564132998,False
379,6.566069111111115e-05,0.8020304073802151,0.21927550413142588,9,9,0.6895637564132998,False
518,0.0001844798028888887,0.7814193540923158,0.22522975446354265,9,8,0.6990897573608661,False
506,2.781774763888889e-05,0.7677066734520962,0.2302190101180257,9,8,0.7049381127734518,False
452,2.7953700000000017e-05,0.7600332274328288,0.23301301635607818,9,9,0.7049381127734518,False
430,0.0001344814864444444,0.6906893658924568,0.24992899876690555,9,9,0.7466628838161303,False
376,3.257447200000007e-05,0.667367763242364,0.2586170073078667,9,9,0.7601708178324793,False
373,4.6676361666666665e-05,0.6552490981287437,0.2608117450303904,9,9,0.7601708178324793,False
484,0.00016559618477777777,0.6340178420648406,0.26784281974635193,9,9,0.7712582399925073,False
490,1.6837941000000023e-05,0.6057682225062595,0.2774204973901237,9,9,0.7869490998746429,False
528,0.00016318858925000001,0.6117323887720207,0.2798772949344964,5,8,0.7869490998746429,False
426,3.65965601111111e-05,0.5696417907465342,0.2887400849299281,9,9,0.7990721189133092,False
471,4.664111111111113e-05,0.557573899932287,0.292916574443311,9,9,0.7990721189133092,False
335,1.190722442857145e-05,0.5599830148981588,0.2948128689134656,7,8,0.7990721189133092,False
447,1.8535456666666692e-05,0.5463633124438788,0.29756242085056284,9,9,0.7990721189133092,False
455,6.063748222222203e-06,0.5265766807403047,0.3029110009065017,9,9,0.8043969912961545,False
483,6.514245122222226e-05,0.48853357596607466,0.31696994483796026,9,9,0.8189844383722626,False
509,2.346237555555554e-05,0.48940222299832203,0.3183839344137276,9,8,0.8189844383722626,False
336,5.796665660714296e-05,0.4826848392164715,0.31868432120761686,7,8,0.8189844383722626,False
305,1.8660229111111065e-05,0.4272516743550507,0.3374831724512172,9,9,0.8538205289459926,False
507,6.515272805555558e-05,0.41827075704418876,0.3414039139450741,9,8,0.8538205289459926,False
316,1.1897097222222214e-05,0.4121890305734531,0.34295719991136103,9,9,0.8538205289459926,False
462,3.506333874999995e-05,0.3831324489921353,0.3538525530676005,8,9,0.866637593410537,False
382,5.516132955555534e-05,0.37943719504543116,0.3562688593704234,9,9,0.866637593410537,False
435,1.938288222222225e-05,0.36859687423973697,0.3589837730026911,9,9,0.866637593410537,False
328,2.6307399222222166e-05,0.33134659136458694,0.3723447928031825,9,9,0.8809123278227566,False
360,5.404885111111104e-06,0.3319916255684568,0.37245551287617296,9,9,0.8809123278227566,False
383,5.172813333333311e-06,0.312414593185421,0.37997042628905275,9,9,0.8809123278227566,False
491,9.277182222222255e-06,0.30323577873201507,0.383225079789034,9,9,0.8809123278227566,False
329,2.4362105888888906e-05,0.29045066851392104,0.38805309002550936,8,9,0.8809123278227566,False
521,5.858215963888886e-05,0.28993052244820766,0.38885478399416384,9,8,0.8809123278227566,False
423,4.513043999999976e-06,0.2749785113846597,0.39411853211079945,9,9,0.8809123278227566,False
369,1.6450551777777813e-05,0.27260254667412026,0.3943833434185563,9,9,0.8809123278227566,False
478,1.4837659555555483e-05,0.24284262740737897,0.40630612243219016,9,9,0.8991404005675319,False
465,5.058150000000002e-06,0.20957385404027334,0.41834074626718554,9,9,0.9172792509895169,False
349,3.6988047777777346e-06,0.19101552850234074,0.42579788760398934,9,9,0.9251426830668497,False
391,4.086188888888866e-06,0.13475451141306696,0.4477505078371684,9,9,0.9537808569589149,False
514,3.934441805555553e-06,0.13173597811787569,0.44921834614051226,9,8,0.9537808569589149,False
389,4.3370217777777514e-06,0.12565949866805676,0.45095078174208114,9,9,0.9537808569589149,False
397,6.455990111111146e-06,0.11038768141571674,0.4570352577931306,9,9,0.9581704088820895,False
503,9.814031944444348e-07,0.07176158017914833,0.47223868813705994,9,8,0.9814351866500637,False
321,1.7244277777777586e-06,0.04692015339726861,0.4816354534462338,9,9,0.9881474613646809,False
325,7.634197777777732e-06,0.04176321132470303,0.4837374601659735,9,9,0.9881474613646809,False
529,-1.2358483333332524e-06,-0.007396013214959454,0.5028319596230296,6,8,0.9955833628655013,False
513,-1.3927983194444483e-06,-0.037413846738710115,0.5144235751503696,9,8,0.9955833628655013,False
508,-6.017104861111094e-07,-0.053407493807010584,0.5206297763325172,9,8,0.9955833628655013,False
310,-1.666256666666674e-06,-0.05463932281727084,0.5214167111003807,9,9,0.9955833628655013,False
327,-4.359839333333362e-06,-0.06401049904401764,0.5250954596653298,9,9,0.9955833628655013,False
352,-2.5332881111110974e-06,-0.12440233471212594,0.5487178185389295,9,9,0.9955833628655013,False
384,-2.2405179999999796e-05,-0.13632439998149512,0.5532403173709186,9,9,0.9955833628655013,False
330,-2.002168428571425e-05,-0.17867516461084132,0.5695992014862388,7,9,0.9955833628655013,False
536,-1.359458069444448e-05,-0.20324104024421571,0.579083020709279,9,8,0.9955833628655013,False
307,-1.5384038666666644e-05,-0.2168368482877685,0.5841130350927479,9,9,0.9955833628655013,False
488,-3.2091606666666706e-05,-0.2597950367983569,0.6003237794795473,9,9,0.9955833628655013,False
532,-1.4422955680555544e-05,-0.260429157360687,0.6008280767355306,9,8,0.9955833628655013,False
363,-7.643834444444472e-06,-0.3002888680392287,0.6147281406885508,9,9,0.9955833628655013,False
400,-2.781581016666668e-05,-0.34043474034326526,0.6297951817823928,9,8,0.9955833628655013,False
377,-2.130278377777782e-05,-0.34241236672011033,0.6307780578479815,9,9,0.9955833628655013,False
494,-1.8862323569444428e-05,-0.34239339710202116,0.630878646626675,9,8,0.9955833628655013,False
385,-2.0465651111111047e-06,-0.356399240463994,0.6368235357275375,9,9,0.9955833628655013,False
442,-2.1531133222222216e-05,-0.36667661345957114,0.6386040480547795,9,9,0.9955833628655013,False
370,-9.472645555555498e-06,-0.36853206715508907,0.639968719539948,9,9,0.9955833628655013,False
466,-4.5301120888888884e-05,-0.3840852005238574,0.6466655910844139,9,9,0.9955833628655013,False
393,-4.600937266666669e-05,-0.4072119445897109,0.653531396191681,9,9,0.9955833628655013,False
438,-5.6068436333333335e-05,-0.4075633287363422,0.65387570787346,9,9,0.9955833628655013,False
408,-1.5070128499999991e-05,-0.4150950657334178,0.6552272094648921,9,8,0.9955833628655013,False
367,-4.950367677777781e-05,-0.4193176529991981,0.6573172963950259,9,9,0.9955833628655013,False
504,-1.7836887777777748e-05,-0.4597972206060996,0.6709298018580739,9,8,0.9955833628655013,False
520,-8.470617204166665e-05,-0.47365763923067544,0.677244688923687,9,8,0.9955833628655013,False
362,-6.70677055555556e-06,-0.4841212857818094,0.6818274291568588,9,9,0.9955833628655013,False
538,-1.613129900000001e-05,-0.4908556196376924,0.6833172091342955,8,8,0.9955833628655013,False
477,-8.417171999999988e-06,-0.537897718416409,0.7000883978876757,9,9,0.9955833628655013,False
320,-3.008335233333333e-05,-0.547751648288168,0.700956457806259,9,9,0.9955833628655013,False
406,-1.9593970388888886e-05,-0.5672239444416587,0.7089882630404398,9,8,0.9955833628655013,False
429,-3.70702768888889e-05,-0.5834393029157843,0.7125086733559296,9,9,0.9955833628655013,False
323,-2.9701250888888907e-05,-0.5746597534381892,0.7132167070497959,9,9,0.9955833628655013,False
344,-7.957524555555546e-05,-0.5830371842849478,0.7141503826953136,9,9,0.9955833628655013,False
309,-8.32982188888889e-06,-0.5796954219666975,0.7148851276083483,9,9,0.9955833628655013,False
318,-1.305275044444447e-05,-0.5863409528531801,0.7154299275445537,9,9,0.9955833628655013,False
420,-3.819109586111111e-05,-0.6040493025571743,0.7177475162169599,9,8,0.9955833628655013,False
428,-2.8704968333333333e-05,-0.6244497791251734,0.7255484867605899,9,9,0.9955833628655013,False
413,-0.00021601020319444455,-0.6725873602671671,0.7401937297842166,9,8,0.9955833628655013,False
311,-6.545197819444452e-06,-0.6862522809240773,0.7441834785601908,9,8,0.9955833628655013,False
534,-7.174550105555551e-05,-0.6741667504542731,0.7447010461358861,9,8,0.9955833628655013,False
424,-0.00010191325166666648,-0.6965631783422475,0.7478120116303939,9,9,0.9955833628655013,False
434,-6.083114666666667e-05,-0.6942788716356875,0.7480128042140506,9,9,0.9955833628655013,False
414,-2.0008786861111115e-05,-0.6993383765690058,0.7484078760251114,9,8,0.9955833628655013,False
348,-1.7620145222222225e-05,-0.6985816614465827,0.7512968173546821,9,9,0.9955833628655013,False
343,-5.518111777777786e-06,-0.7205268273100944,0.7590991008136179,9,9,0.9955833628655013,False
411,-0.0001131095261666667,-0.7655426325157196,0.7660290718660229,9,8,0.9955833628655013,False
398,-4.610465499999999e-05,-0.7696169639980637,0.7667386460790284,9,8,0.9955833628655013,False
427,-7.6434166e-05,-0.7794794683004888,0.7748129991396673,9,9,0.9955833628655013,False
468,-7.520511888888898e-05,-0.8098094609819622,0.7842058901119493,9,9,0.9955833628655013,False
451,-1.2894456888888907e-05,-0.8391579862640194,0.789531069912887,9,9,0.9955833628655013,False
346,-4.58305591111111e-05,-0.8681756258239077,0.7951837820453985,9,9,0.9955833628655013,False
341,-1.0468175e-05,-0.8548309488794308,0.7963538870022171,9,9,0.9955833628655013,False
364,-6.0830081444444476e-05,-0.8935097528437759,0.8027591567684441,9,9,0.9955833628655013,False
301,-4.0965179666666674e-05,-0.9035874730147929,0.8055618211031937,9,9,0.9955833628655013,False
381,-4.791486044444446e-05,-0.9305975211890722,0.8114984446009773,9,9,0.9955833628655013,False
527,-2.6403686666666627e-05,-0.9521102221274199,0.8170338951345251,6,8,0.9955833628655013,False
524,-6.871644506944446e-05,-0.9695283148736569,0.817796517784442,9,8,0.9955833628655013,False
396,-2.2850888666666662e-05,-0.9644446430117364,0.8204261596783808,9,9,0.9955833628655013,False
338,-0.00011050132055555553,-0.9666883226500563,0.8213236375547668,6,9,0.9955833628655013,False
403,-7.532672105555556e-05,-0.9685722423326174,0.8215094670809078,9,8,0.9955833628655013,False
530,-0.00020940917990277782,-0.9722416936252732,0.8224609743653863,9,8,0.9955833628655013,False
421,-8.283304177777778e-05,-0.9810268168646817,0.8224980352244864,9,9,0.9955833628655013,False
497,-1.4914097208333329e-05,-0.9930485395443953,0.8248187484812606,9,8,0.9955833628655013,False
418,-3.360889491666666e-05,-1.0042579303137809,0.8278526271889262,9,8,0.9955833628655013,False
431,-2.8401558777777807e-05,-1.0340391773588564,0.8352436230080339,9,9,0.9955833628655013,False
479,-5.2524557222222235e-05,-1.0401755090236973,0.8362650256591737,9,9,0.9955833628655013,False
436,-2.771781222222221e-05,-1.038427972927327,0.8373399800766368,9,9,0.9955833628655013,False
308,-5.0308012888888883e-05,-1.0438839600123433,0.8376223682894134,9,9,0.9955833628655013,False
472,-0.0001287357833333333,-1.091841993183714,0.8466760545714771,9,9,0.9955833628655013,False
378,-0.00013685653644444445,-1.112096664489086,0.8508224740213353,9,9,0.9955833628655013,False
375,-3.79202488888889e-05,-1.104153141132194,0.8533571996492723,9,9,0.9955833628655013,False
493,-6.28891012222222e-05,-1.132639208081547,0.8577506776399915,9,8,0.9955833628655013,False
440,-5.989471555555557e-05,-1.1739172590285614,0.8642095466767532,9,9,0.9955833628655013,False
446,-9.942384333333325e-05,-1.15054896574248,0.8655412179280007,9,9,0.9955833628655013,False
450,-0.0001380788041111111,-1.2006496485293165,0.8679539731307174,9,9,0.9955833628655013,False
473,-0.00013562063377777774,-1.2247628991261559,0.8723803782865445,9,9,0.9955833628655013,False
407,-0.0001315493975,-1.261288853776025,0.876359044455247,9,8,0.9955833628655013,False
470,-0.0002799900691111111,-1.2683448261479278,0.8810415570327949,9,9,0.9955833628655013,False
461,-9.97987628888889e-05,-1.2721452721372055,0.8819826254755178,9,9,0.9955833628655013,False
386,-0.00011950202488888889,-1.2822159884894582,0.8823059044527795,9,9,0.9955833628655013,False
339,-9.57167959027778e-05,-1.247156198409789,0.8838255363171903,8,9,0.9955833628655013,False
531,-5.783646859722223e-05,-1.2622684228809011,0.8839096825531585,9,8,0.9955833628655013,False
358,-0.00012026489333333328,-1.2829788814026908,0.8849534300521859,9,9,0.9955833628655013,False
487,-6.198938255555557e-05,-1.3045821586414572,0.8863874804791604,9,9,0.9955833628655013,False
300,-3.314630133333335e-05,-1.3423119201310232,0.8949312564413937,9,9,0.9955833628655013,False
402,-0.00023481959027777776,-1.372776454425479,0.8957271841960418,9,8,0.9955833628655013,False
449,-0.00013571053466666667,-1.3923367610122304,0.8998306517532835,9,9,0.9955833628655013,False
387,-2.8294047000000026e-05,-1.3688809842735137,0.9032410543801139,9,9,0.9955833628655013,False
456,-0.0001738176933333334,-1.3668549073900116,0.9044807807657953,9,9,0.9955833628655013,False
313,-0.00017280014955555557,-1.4386214674988576,0.9061308844702883,9,9,0.9955833628655013,False
537,-0.00025478786112499995,-1.3936857209090123,0.9072487511060394,8,8,0.9955833628655013,False
312,-0.00010841684888888894,-1.395184818667108,0.9082663467190629,9,9,0.9955833628655013,False
523,-1.696801938888889e-05,-1.4490979833223436,0.9086249974512615,9,8,0.9955833628655013,False
499,-2.785658523611111e-05,-1.465664912243532,0.911145318508748,9,8,0.9955833628655013,False
401,-6.960265930555556e-05,-1.5406737461916178,0.9168713050566059,9,8,0.9955833628655013,False
464,-0.0001339903592222223,-1.524549752192043,0.91761855359977,9,9,0.9955833628655013,False
331,-5.425186153968255e-05,-1.5294444945833392,0.9205721859753483,7,9,0.9955833628655013,False
522,-5.1315860083333336e-05,-1.5848575852479923,0.9225370740231978,9,8,0.9955833628655013,False
480,-3.102295966666665e-05,-1.5549938947816897,0.9271096062425741,9,9,0.9955833628655013,False
485,-4.1939337111111114e-05,-1.6528063165129931,0.9335107030485282,9,9,0.9955833628655013,False
326,-9.064165666666666e-05,-1.6224498952269992,0.9377409267587095,9,9,0.9955833628655013,False
302,-6.0336254444444463e-05,-1.7265599588497091,0.9402611847478324,9,9,0.9955833628655013,False
417,-2.9540602208333322e-05,-1.7550405094688395,0.9407235227536909,9,8,0.9955833628655013,False
347,-4.89109611111111e-05,-1.7394977755091943,0.9474136959980408,9,9,0.9955833628655013,False
303,-0.0002047792515555555,-1.7388969240742869,0.9486283302801368,9,9,0.9955833628655013,False
469,-0.000140936781,-1.7924573338087175,0.9488655319451615,9,9,0.9955833628655013,False
525,-0.00018507493755555551,-1.9851945311943742,0.9566298732869701,9,8,0.9955833628655013,False
439,-0.000228450093,-1.874704836721743,0.9589386429680872,9,9,0.9955833628655013,False
515,-6.891622897222222e-05,-2.0842965971228367,0.9643524052234661,9,8,0.9955833628655013,False
357,-4.5823090888888895e-05,-2.261949183571238,0.9770525290260358,9,9,0.9955833628655013,False
314,-4.665242122222222e-05,-2.1846267453291364,0.9778271204115055,9,9,0.9955833628655013,False
380,-1.3873175444444448e-05,-2.3374775915836006,0.9835453871531787,9,9,0.9955833628655013,False
437,-0.00029151717333333334,-2.586654135572992,0.9848554131228673,9,9,0.9955833628655013,False
498,-0.0002363870317083333,-2.8218180792918193,0.9884363937127241,9,8,0.9955833628655013,False
361,-0.0001130903537777778,-2.8134563806762807,0.9905361881673442,9,9,0.9955833628655013,False
517,-0.0001243265773055556,-3.0333559892609694,0.9909738751729938,9,8,0.9955833628655013,False
482,-0.0002868707940000001,-2.6983970392240884,0.9916402045838187,9,9,0.9955833628655013,False
445,-0.00010600588333333332,-2.7746084859866578,0.9930698281147226,9,9,0.9955833628655013,False
324,-2.987147666666668e-05,-2.8915124574645303,0.9933727466603779,9,9,0.9955833628655013,False
395,-0.00013561991477777777,-3.131487926141794,0.9939722857728247,9,9,0.9955833628655013,False
333,-0.00019435719634920635,-3.3650025250288604,0.9955833628655013,7,9,0.9955833628655013,False
